City,Lat,Lng,Max Temp,Humidity,Cloudiness,Wind Speed,Country,Date
ilulissat,69.2167,-51.1,32.02,74,75,8.05,GL,1683656719
keflavik,64.0049,-22.5624,49.91,100,75,6.91,IS,1683656720
ushuaia,-54.8,-68.3,44.22,56,20,13.8,AR,1683656720
qaqortoq,60.7167,-46.0333,34.45,93,99,2.55,GL,1683656720
adamstown,-25.066,-130.1015,71.65,52,87,14.03,PN,1683656721
sitia,35.2,26.0986,66.97,83,90,4.25,GR,1683656721
west island,-12.1568,96.8225,81.36,83,21,18.9,CC,1683656721
ciudad lazaro cardenas,17.9583,-102.2,89.04,51,3,10.65,MX,1683656721
aasiaat,68.7098,-52.8699,29.79,81,84,3.74,GL,1683656722
harper,4.375,-7.7169,83.48,76,90,8.61,LR,1683656722
port-aux-francais,-49.35,70.2167,42.42,95,100,21.7,TF,1683656722
olonkinbyen,70.9221,-8.7187,36.18,100,100,8.32,SJ,1683656722
bandarbeyla,9.4942,50.8122,83.43,77,98,9.73,SO,1683656722
zaozersk,69.4005,32.4476,33.17,99,100,2.93,RU,1683656722
margaret river,-33.95,115.0667,65.53,74,12,24.58,AU,1683656722
lebu,-37.6167,-73.65,59.41,61,72,15.3,CL,1683656723
grytviken,-54.2811,-36.5092,33.6,90,100,4.88,GS,1683656723
cartagena del chaira,1.3349,-74.8429,84.74,69,88,2.86,CO,1683656723
nguigmi,14.2495,13.1092,89.85,18,98,5.41,NE,1683656723
uturoa,-16.7333,-151.4333,81.46,72,77,4.03,PF,1683656723
haiku-pauwela,20.9219,-156.3051,76.05,68,20,16.11,US,1683656723
waitangi,-43.9535,-176.5597,60.82,95,100,13.0,NZ,1683656724
tual,-5.6667,132.75,81.03,83,100,14.32,ID,1683656724
stanley,54.868,-1.6985,59.72,80,40,9.22,GB,1683656724
whangarei,-35.7317,174.3239,60.89,88,37,10.25,NZ,1683656724
alice springs,-23.7,133.8833,35.15,69,0,7.0,AU,1683656724
port alfred,-33.5906,26.891,62.19,95,44,6.73,ZA,1683656724
vila do maio,15.1333,-23.2167,79.59,83,12,14.07,CV,1683656725
flying fish cove,-10.4217,105.6791,80.28,89,75,11.5,CX,1683656725
nar'yan-mar,67.6713,53.087,31.41,83,99,12.55,RU,1683656725
nuuk,64.1835,-51.7216,32.61,80,100,8.05,GL,1683656725
manakara,-22.1333,48.0167,71.13,90,11,1.48,MG,1683656725
codrington,-38.2667,141.9667,55.83,68,98,6.87,AU,1683656725
puerto natales,-51.7236,-72.4875,46.85,46,20,4.61,CL,1683656725
port elizabeth,-33.918,25.5701,61.32,95,25,3.44,ZA,1683656726
papatowai,-46.5619,169.4708,46.22,91,100,3.98,NZ,1683656726
hermanus,-34.4187,19.2345,61.45,76,78,3.89,ZA,1683656726
tiksi,71.6872,128.8694,32.25,81,57,30.27,RU,1683656726
bilibino,68.0546,166.4372,21.0,94,100,2.53,RU,1683656726
hadibu,12.65,54.0333,83.48,68,100,2.64,YE,1683656726
puerto ayora,-0.7393,-90.3518,84.16,92,55,8.99,EC,1683656726
longyearbyen,78.2186,15.6401,30.04,80,75,5.75,SJ,1683656727
lihue,21.9789,-159.3672,76.24,85,100,16.11,US,1683656512
cockburn town,21.4612,-71.1419,80.26,78,0,14.16,TC,1683656727
floro,61.5996,5.0328,53.67,81,75,13.8,NO,1683656727
labytnangi,66.6572,66.4183,22.24,90,65,7.67,RU,1683656727
praia,14.9215,-23.5087,79.34,61,20,21.85,CV,1683656727
okha,53.5739,142.9478,31.91,94,100,7.7,RU,1683656727
kodiak,57.79,-152.4072,42.31,100,100,9.22,US,1683656728
punta arenas,-53.15,-70.9167,44.71,57,40,14.97,CL,1683656728
yellowknife,62.456,-114.3525,57.72,58,75,5.75,CA,1683656728
tazovsky,67.4667,78.7,9.14,97,43,5.19,RU,1683656728
marang,5.2056,103.2059,76.91,88,100,6.71,MY,1683656728
talnakh,69.4865,88.3972,-7.92,100,86,4.25,RU,1683656728
albany,42.6001,-73.9662,64.58,30,98,5.99,US,1683656631
isafjordur,66.0755,-23.124,39.74,95,100,5.37,IS,1683656728
utrik,11.2278,169.8474,80.74,82,99,13.78,MH,1683656729
diveyevo,55.0433,43.2418,42.21,61,57,3.98,RU,1683656729
kupang,-10.1667,123.5833,78.46,82,49,13.49,ID,1683656729
tynda,55.1667,124.7167,25.45,79,1,1.63,RU,1683656729
itoman,26.1247,127.6694,68.02,64,4,9.22,JP,1683656729
ribeira grande,38.5167,-28.7,64.8,94,75,13.0,PT,1683656729
hithadhoo,-0.6,73.0833,82.56,72,100,5.57,MV,1683656730
afaahiti,-17.75,-149.2833,80.47,76,84,5.97,PF,1683656730
tralee,52.2704,-9.7026,52.57,93,67,13.71,IE,1683656730
hawaiian paradise park,19.5933,-154.9731,73.04,93,100,4.61,US,1683656730
sim,54.993,57.6982,44.11,59,99,3.49,RU,1683656730
gorom-gorom,14.4439,-0.2361,102.83,8,85,5.44,BF,1683656730
weno,7.4515,151.8468,80.55,89,100,3.44,FM,1683656730
edinburgh of the seven seas,-37.0676,-12.3116,57.79,71,68,22.46,SH,1683656730
chonchi,-42.6128,-73.8092,62.11,85,85,1.95,CL,1683656731
vung tau,10.346,107.0843,82.96,80,92,7.36,VN,1683656731
sur,22.5667,59.5289,89.47,39,0,8.95,OM,1683656731
la passe,45.5549,-0.8967,62.83,85,26,20.33,FR,1683656731
macapa,0.0389,-51.0664,85.98,79,75,10.36,BR,1683656731
kerrville,30.0474,-99.1403,75.52,70,75,4.61,US,1683656731
viedma,-40.8135,-62.9967,63.73,44,100,17.16,AR,1683656731
mamuju,-2.6748,118.8885,78.85,87,99,2.39,ID,1683656732
kribi,2.95,9.9167,81.21,83,66,6.26,CM,1683656732
bethel,41.3712,-73.414,69.89,31,20,10.36,US,1683656732
aykhal,66.0,111.5,21.25,85,77,18.19,RU,1683656732
la ronge,55.1001,-105.2842,61.02,51,100,8.05,CA,1683656732
flin flon,54.7682,-101.865,58.84,51,75,5.75,CA,1683656732
college,64.8569,-147.8028,50.32,45,75,4.61,US,1683656732
ancud,-41.8697,-73.8203,56.55,81,89,2.06,CL,1683656732
road town,18.4167,-64.6167,87.84,70,40,9.22,VG,1683656442
cold lake,54.4502,-110.2017,62.55,51,75,9.22,CA,1683656624
badger,64.8,-147.5333,50.25,41,75,4.61,US,1683656732
leava,-14.3,-178.1667,81.88,77,0,6.08,WF,1683656732
sharan,54.8167,54.0,42.28,55,97,6.87,RU,1683656733
kerikeri,-35.2268,173.9474,61.92,97,26,5.01,NZ,1683656733
balabac,7.9868,117.0645,81.66,81,100,5.03,PH,1683656733
ad-damazin,11.7891,34.3592,95.85,15,29,6.58,SD,1683656733
thunder bay,48.4001,-89.3168,64.38,25,20,11.5,CA,1683656716
labasa,-16.4167,179.3833,75.34,88,4,2.86,FJ,1683656733
luanda,-8.8368,13.2343,82.4,83,0,9.22,AO,1683656585
an nimas,19.1455,42.1201,63.81,64,2,2.46,SA,1683656733
los alamos,35.8881,-106.307,73.67,11,0,15.01,US,1683656738
rath,25.5833,79.5667,91.56,11,0,5.66,IN,1683656739
brokopondo,4.75,-55.1667,82.26,79,70,8.63,SR,1683656739
iqaluit,63.7506,-68.5145,29.93,58,20,5.75,CA,1683656739
smara,26.7384,-11.6719,102.58,4,0,10.47,EH,1683656739
yanykurgan,43.915,67.2481,73.89,15,6,8.75,KZ,1683656739
seaside,36.6111,-121.8516,63.72,73,40,9.22,US,1683656739
fort wellington,6.4,-57.6,83.73,66,78,12.41,GY,1683656739
sovetskiy,61.3614,63.5842,42.21,51,97,10.36,RU,1683656740
anadyr,64.75,177.4833,19.9,93,100,6.71,RU,1683656740
remire-montjoly,4.9167,-52.2667,82.44,78,75,11.5,GF,1683656740
happy valley-goose bay,53.3168,-60.3315,43.11,33,75,29.93,CA,1683656745
driefontein,-27.0177,30.4498,51.26,89,69,0.56,ZA,1683656745
yingchuan,34.1628,113.4639,60.6,70,100,5.41,CN,1683656745
charters towers,-20.1,146.2667,51.1,37,3,9.64,AU,1683656746
blackmans bay,-43.0167,147.3167,50.74,81,87,11.43,AU,1683656746
serhetabat,35.2799,62.3438,73.13,13,1,5.01,TM,1683656746
bredasdorp,-34.5322,20.0403,58.01,92,66,3.98,ZA,1683656746
ain kercha,35.9247,6.6953,66.15,58,100,9.57,DZ,1683656746
isangel,-19.55,169.2667,75.31,88,75,2.3,VU,1683656746
yur'yev-pol'skiy,56.5,39.6833,44.58,57,66,5.21,RU,1683656746
saint croix,17.7397,-64.7388,86.95,70,40,16.11,VI,1683656746
gunjur,13.2019,-16.7339,84.27,58,13,9.22,GM,1683656746
mahina,-17.5065,-149.489,82.17,74,20,2.3,PF,1683656746
atafu village,-8.5421,-172.5159,84.33,77,32,14.14,TK,1683656746
gazli,40.1333,63.45,78.64,14,2,10.16,UZ,1683656747
edea,3.8,10.1333,78.08,94,93,2.57,CM,1683656747
klaksvik,62.2266,-6.589,50.92,82,98,3.94,FO,1683656747
westport,41.1415,-73.3579,71.15,35,0,9.22,US,1683656642
tura,25.5198,90.2201,78.08,34,0,5.66,IN,1683656747
eraan,9.0629,117.7016,78.58,85,18,2.26,PH,1683656747
eirunepe,-6.6603,-69.8736,73.36,98,100,1.39,BR,1683656747
alcacer do sal,38.3733,-8.5144,76.3,41,88,16.98,PT,1683656747
cabo san lucas,22.8909,-109.9124,88.61,24,20,5.75,MX,1683656644
srikakulam,18.3,83.9,85.1,74,61,6.64,IN,1683656747
malvan,16.0667,73.4667,84.07,81,99,6.64,IN,1683656747
invercargill,-46.4,168.35,47.01,95,83,3.0,NZ,1683656686
san antonio de pale,-1.4014,5.6325,82.69,78,36,5.64,GQ,1683656748
van,38.4924,43.3831,51.15,58,20,4.61,TR,1683656748
fuerte olimpo,-21.0415,-57.8738,78.13,73,100,4.74,PY,1683656748
laguna,38.421,-121.4238,68.09,57,0,3.44,US,1683656748
rioblanco,3.5308,-75.6806,78.39,56,81,6.04,CO,1683656748
lake munmorah,-33.1936,151.5719,57.79,72,39,11.74,AU,1683656748
as samawah,31.332,45.2944,87.6,20,5,19.44,IQ,1683656748
morondava,-20.2833,44.2833,76.84,77,8,13.22,MG,1683656748
middelburg,-25.7751,29.4648,61.0,53,86,5.91,ZA,1683656540
el nido,11.1858,119.3956,81.93,77,93,2.59,PH,1683656748
whitehorse,60.7161,-135.0538,48.09,43,75,13.8,CA,1683656748
sandnessjoen,66.0217,12.6316,59.11,41,75,10.36,NO,1683656749
prince rupert,54.3161,-130.3201,50.09,81,0,4.61,CA,1683656749
iskateley,67.6803,53.1512,31.21,83,99,12.26,RU,1683656749
rong'an,26.1247,119.1214,56.84,84,13,1.86,CN,1683656749
chhabra,24.6667,76.8333,90.01,9,0,3.67,IN,1683656749
port douglas,-16.4833,145.4667,66.88,64,5,8.95,AU,1683656749
st. john's,47.5649,-52.7093,40.93,89,100,26.46,CA,1683656557
vila velha,-20.3297,-40.2925,78.75,82,75,8.05,BR,1683656749
chifeng,42.2683,118.9636,59.38,34,99,7.11,CN,1683656633
georgetown,5.4112,100.3354,85.95,82,20,3.44,MY,1683656750
caconda,-13.7333,15.0667,64.17,40,3,4.25,AO,1683656750
saipan,15.1355,145.701,81.3,100,75,8.05,MP,1683656750
puerto baquerizo moreno,-0.9,-89.6,85.19,79,75,13.8,EC,1683656750
constantia,44.1833,28.65,50.7,73,41,9.57,RO,1683656750
mentougou,39.9392,116.0917,59.94,26,100,2.86,CN,1683656750
walvis bay,-22.9575,14.5053,58.15,88,0,2.3,NA,1683656750
port lincoln,-34.7333,135.8667,58.12,76,45,8.32,AU,1683656750
faya-largeau,17.9257,19.1043,94.41,9,86,8.84,TD,1683656750
ola,59.5833,151.2833,33.82,88,100,2.04,RU,1683656750
sabang,5.8933,95.3214,84.11,72,100,17.98,ID,1683656750
kayangel,8.0823,134.7173,83.12,74,89,1.23,PW,1683656751
bahraigh,27.5833,81.6,85.55,14,0,8.63,IN,1683656751
selizharovo,56.8519,33.4487,46.31,58,97,1.48,RU,1683656751
langepas,61.2544,75.2124,37.54,56,97,10.76,RU,1683656751
hamilton,39.1834,-84.5333,75.63,50,0,13.8,US,1683656751
kapuskasing,49.4169,-82.4331,62.69,31,100,9.22,CA,1683656751
general mosconi,-23.1851,-62.303,78.62,40,70,6.82,AR,1683656751
mejit,10.2753,170.8646,80.76,85,100,13.29,MH,1683656751
kemijarvi,66.7131,27.4306,36.39,100,100,4.16,FI,1683656751
araripina,-7.5761,-40.4983,88.59,33,96,8.37,BR,1683656751
gravenwiesbach,50.3902,8.4569,62.1,94,100,5.35,DE,1683656752
tazacorte,28.629,-17.9293,74.37,69,20,14.97,ES,1683656752
monticello,45.3055,-93.7941,70.43,69,100,10.36,US,1683656752
feijo,-8.1642,-70.3536,78.44,75,100,3.11,BR,1683656752
ifo,6.8144,3.1958,83.82,73,99,7.0,NG,1683656752
deqen,29.9618,90.7188,42.62,38,59,6.17,CN,1683656752
dapa,9.7594,126.0531,81.57,78,6,3.98,PH,1683656752
dudinka,69.4058,86.1778,-12.68,100,19,3.06,RU,1683656752
awjilah,29.1081,21.2869,84.97,14,27,14.2,LY,1683656752
kapa'a,22.0752,-159.319,76.98,85,100,16.11,US,1683656705
kembe,4.6228,21.8865,72.57,80,78,3.76,CF,1683656752
san luis,-33.295,-66.3356,74.55,29,82,7.34,AR,1683656753
new norfolk,-42.7826,147.0587,51.93,69,92,1.01,AU,1683656753
kuloy,61.0305,42.4925,44.11,77,96,4.54,RU,1683656753
okulovka,58.4008,33.2908,47.28,61,93,4.52,RU,1683656753
nizhneangarsk,55.7833,109.55,38.16,71,14,3.98,RU,1683656753
saint-francois,46.4154,3.9054,58.68,94,98,7.85,FR,1683656753
taoudenni,22.6783,-3.9836,102.56,7,100,16.24,ML,1683656753
port mathurin,-19.6833,63.4167,78.44,70,15,18.03,MU,1683656753
thompson,55.7435,-97.8558,68.16,42,75,9.22,CA,1683656753
klyuchi,52.2667,79.1667,53.73,53,98,13.71,RU,1683656753
baiyin,36.5583,104.2081,47.8,61,100,3.22,CN,1683656754
chudovo,59.1167,31.6833,49.42,61,91,2.39,RU,1683656754
karapinar,37.716,33.5506,66.13,33,100,5.75,TR,1683656754
thames,-37.1333,175.5333,61.95,91,49,12.93,NZ,1683656754
puerto san jose,13.9256,-90.8244,91.81,55,21,14.72,GT,1683656754
avarua,-21.2078,-159.775,77.05,88,75,18.41,CK,1683656754
carnarvon,-24.8667,113.6333,70.68,80,96,8.41,AU,1683656754
lycksele,64.5954,18.6735,60.67,25,0,5.75,SE,1683656754
qamdo,31.1667,97.2333,31.28,75,92,1.79,CN,1683656754
wenshui,28.4506,106.5267,55.31,98,100,0.45,CN,1683656755
portland,45.5234,-122.6762,60.64,74,75,5.01,US,1683656611
monzon,41.9108,0.1941,72.46,35,76,11.45,ES,1683656755
al hada,21.3675,40.2869,69.19,29,0,4.18,SA,1683656755
lai,9.3952,16.2989,94.93,30,85,5.5,TD,1683656755
broome,42.2506,-75.833,65.17,35,0,13.8,US,1683656755
wailua homesteads,22.0669,-159.378,75.63,85,100,16.11,US,1683656755
grand falls-windsor,48.9332,-55.6649,36.5,90,100,5.99,CA,1683656755
vorgashor,67.5833,63.95,17.17,99,90,2.84,RU,1683656756
henderson,36.0397,-114.9819,80.62,9,0,9.22,US,1683656633
ghanzi,-21.5667,21.7833,68.63,34,0,8.1,BW,1683656756
gorontalo,0.5412,123.0595,75.63,93,99,2.95,ID,1683656756
andergrove,-21.0833,149.1833,49.64,54,29,11.16,AU,1683656756
margate,51.3813,1.3862,60.87,78,98,5.99,GB,1683656756
crane,31.3974,-102.3501,88.36,28,72,11.77,US,1683656756
puerto aysen,-45.4,-72.7,51.84,93,75,6.91,CL,1683656756
east london,-33.0153,27.9116,59.94,100,0,3.44,ZA,1683656757
sinabang,2.4803,96.3801,80.26,79,76,2.8,ID,1683656757
dryden,49.7833,-92.7503,61.09,59,100,8.05,CA,1683656610
vanimo,-2.6741,141.3028,78.6,90,98,2.19,PG,1683656757
inarajan village,13.2736,144.7484,80.74,95,44,9.19,GU,1683656757
sao gabriel da cachoeira,-0.1303,-67.0892,85.8,84,40,4.61,BR,1683656757
dire dawa,9.5931,41.8661,74.91,64,88,5.5,ET,1683656757
petropavlovsk-kamchatsky,53.0452,158.6483,28.99,100,100,2.24,RU,1683656596
al qitena,14.8648,32.3668,92.28,8,42,9.35,SD,1683656757
atasu,48.6814,71.6433,63.0,36,93,7.87,KZ,1683656757
colonia,50.9333,6.95,60.96,88,20,3.44,DE,1683656757
vilyuchinsk,52.9306,158.4028,30.47,79,100,6.15,RU,1683656758
gazojak,41.1875,61.4036,78.73,14,4,10.29,TM,1683656758
ust'-uda,54.1742,103.0304,52.11,58,95,2.93,RU,1683656758
juterbog,51.9833,13.0833,62.69,48,3,11.01,DE,1683656758
pematangsiantar,2.9595,99.0687,70.88,81,87,3.98,ID,1683656758
ambon,-3.6954,128.1814,85.95,90,40,3.44,ID,1683656486
yalta,44.5,34.1667,50.2,80,97,7.49,UA,1683656758
arawa,-6.2132,155.5367,77.67,91,100,3.13,PG,1683656758
khovd,48.0056,91.6419,44.65,72,100,3.24,MN,1683656758
riberalta,-10.9833,-66.1,80.8,74,75,17.27,BO,1683656758
saldanha,-33.0117,17.9442,59.05,78,86,10.89,ZA,1683656759
gadzhiyevo,69.2551,33.3362,33.3,99,100,4.03,RU,1683656759
coari,-4.085,-63.1414,82.62,84,76,2.46,BR,1683656759
hyderabad,17.3753,78.4744,80.11,73,75,5.75,IN,1683656759
oranjemund,-28.55,16.4333,64.15,52,1,7.49,NA,1683656759
creel,27.75,-107.6333,70.12,8,30,12.44,MX,1683656759
fortuna,40.5982,-124.1573,62.92,70,20,9.22,US,1683656759
severo-yeniseyskiy,60.3725,93.0408,25.07,85,74,6.8,RU,1683656759
nha trang,12.25,109.1833,80.6,88,67,3.78,VN,1683656759
nishinoomote,30.7333,131.0,65.52,71,69,8.66,JP,1683656759
yuzhno-kurilsk,44.0306,145.8556,41.02,93,96,6.04,RU,1683656760
bel ombre,-4.6167,55.4167,82.24,74,20,12.66,SC,1683656760
palmer,42.1584,-72.3287,66.33,25,75,1.01,US,1683656636
pasighat,28.0667,95.3333,68.36,82,71,5.37,IN,1683656760
port saint john's,-31.6229,29.5448,66.54,87,15,8.05,ZA,1683656760
baghlan,35.75,69.0,52.39,21,0,3.15,AF,1683656760
yazd,31.8972,54.3675,84.31,18,75,4.61,IR,1683656760
lijiang,26.8688,100.2207,49.62,64,7,5.61,CN,1683656760
ewo,-0.8725,14.8206,76.17,89,98,3.31,CG,1683656760
jamestown,42.097,-79.2353,67.51,33,0,14.97,US,1683656761
royse city,32.9751,-96.3325,86.52,69,75,9.22,US,1683656761
humen,22.819,113.6731,75.15,76,94,7.29,CN,1683656761
atherton,53.5237,-2.4935,60.78,71,52,3.0,GB,1683656681
san juan de miraflores,-12.1629,-76.9635,72.18,82,79,8.9,PE,1683656761
ben gardane,33.1378,11.2197,66.33,71,33,18.68,TN,1683656766
kavaratti,10.5669,72.642,85.08,56,48,6.17,IN,1683656766
mabaruma,8.2,-59.7833,87.8,70,75,9.22,GY,1683656766
smidovich,48.6,133.8167,39.61,86,89,8.14,RU,1683656767
nabire,-3.3667,135.4833,76.19,97,100,2.04,ID,1683656767
touros,-5.1989,-35.4608,84.18,70,68,14.54,BR,1683656767
udachny,66.4167,112.4,28.45,73,70,18.66,RU,1683656767
sulakyurt,40.1573,33.716,55.51,74,98,5.7,TR,1683656767
colotlan,22.1,-103.2667,85.39,15,24,12.3,MX,1683656767
farrukhnagar,17.0778,78.2011,78.51,71,100,7.34,IN,1683656767
hola,51.5377,23.1902,50.18,65,46,6.24,PL,1683656768
sittwe,20.15,92.9,83.05,81,4,3.69,MM,1683656768
vadso,70.0744,29.7487,40.08,87,100,8.05,NO,1683656768
port augusta,-32.5,137.7667,50.88,81,0,4.52,AU,1683656768
puerto cabezas,14.0351,-83.3888,87.76,74,75,9.22,NI,1683656768
katsuren-haebaru,26.3369,127.8719,68.02,68,0,11.5,JP,1683656768
mount pearl,47.5166,-52.7813,41.14,89,100,26.46,CA,1683656774
coquimbo,-29.9533,-71.3436,58.73,82,20,8.05,CL,1683656774
turpan,42.9333,89.1667,70.65,21,5,2.64,CN,1683656774
cambria,35.5641,-121.0808,63.55,82,100,3.0,US,1683656774
papao,-17.75,-149.55,82.08,73,77,8.03,PF,1683656774
bamboo flat,11.7,92.7167,83.41,80,97,15.43,IN,1683656774
kailua-kona,19.6406,-155.9956,76.5,88,54,1.99,US,1683656438
kalisz,51.7611,18.091,51.1,66,5,10.54,PL,1683656774
enewetak,11.3474,162.3373,81.21,81,100,16.02,MH,1683656775
prieska,-29.6641,22.7474,61.9,32,1,5.21,ZA,1683656775
fort mcmurray,56.7268,-111.381,60.39,77,75,5.75,CA,1683656775
al khums,32.6486,14.2619,65.01,81,39,26.28,LY,1683656775
burg bei magdeburg,52.2715,11.8549,61.77,59,54,12.77,DE,1683656775
fort-shevchenko,44.5086,50.263,60.76,79,4,10.54,KZ,1683656775
olyokminsk,60.3736,120.4264,35.98,92,91,6.22,RU,1683656775
puerto pilon,9.3644,-79.7933,96.04,64,89,7.76,PA,1683656775
saint-philippe,-21.3585,55.7679,74.79,82,34,9.73,RE,1683656775
bikenibeu village,1.3673,173.1241,80.56,89,75,2.3,KI,1683656776
ciudad bolivar,8.1222,-63.5497,94.26,41,79,12.24,VE,1683656776
nemuro,43.3236,145.575,42.15,91,81,9.78,JP,1683656776
egilsstadir,65.2653,-14.3948,46.31,93,100,8.05,IS,1683656776
olinda,-8.0089,-34.8553,83.93,70,40,11.5,BR,1683656594
mersa matruh,31.3525,27.2453,68.2,73,0,9.22,EG,1683656781
ugoofaaru,5.6667,73.0,82.72,79,31,10.0,MV,1683656781
ionia,42.9873,-85.0711,70.83,28,0,4.27,US,1683656781
kiliya,45.4552,29.2637,47.8,78,47,5.37,UA,1683656782
galliano,29.4422,-90.2992,88.0,70,40,10.36,US,1683656782
santana,-0.0583,-51.1817,86.18,79,75,10.36,BR,1683656527
imbituba,-28.24,-48.6703,71.11,51,70,8.75,BR,1683656782
sodra sandby,56.5667,16.6167,52.9,61,6,11.65,SE,1683656782
ust-nera,64.5667,143.2,22.77,73,56,7.74,RU,1683656782
arvayheer,46.2639,102.775,40.44,28,0,5.12,MN,1683656782
sorsk,54.0033,90.2467,49.05,71,100,8.68,RU,1683656782
beau vallon,-20.4189,57.6953,75.43,88,20,10.36,MU,1683656782
canutama,-6.5339,-64.3831,85.1,65,99,4.27,BR,1683656783
tsengel,49.4783,100.8894,45.01,64,99,4.97,MN,1683656783
susuman,62.7833,148.1667,29.98,91,99,3.02,RU,1683656783
juuka,63.2333,29.25,49.17,65,61,6.89,FI,1683656783
camarinas,43.1311,-9.1817,65.17,72,0,12.88,ES,1683656783
gemena,3.25,19.7667,70.83,100,100,1.36,CD,1683656783
lundazi,-12.2929,33.1782,61.61,77,13,5.97,ZM,1683656763
thakhek,17.4103,104.8307,76.66,90,53,3.96,LA,1683656783
ayorou,14.7308,0.9174,102.65,7,98,8.66,NE,1683656783
okakarara,-20.5833,17.4333,69.21,25,0,3.8,NA,1683656783
santa ana de yacuma,-13.75,-65.4333,71.55,83,75,8.05,BO,1683656784
vila franca do campo,37.7167,-25.4333,64.81,85,100,4.72,PT,1683656784
namibe,-15.1961,12.1522,75.45,81,2,7.02,AO,1683656784
misratah,32.3754,15.0925,68.2,73,70,11.52,LY,1683656784
polyarnyy,69.1989,33.4478,33.64,99,100,4.18,RU,1683656784
saint-pierre,-21.3393,55.4781,74.88,73,0,9.22,RE,1683656784
solleftea,63.1667,17.2667,58.73,60,99,9.66,SE,1683656784
simrishamn,55.5565,14.3504,53.35,79,4,15.21,SE,1683656784
nantucket,41.2835,-70.0995,59.09,59,0,12.66,US,1683656785
erzincan,39.75,39.5,56.5,54,0,6.91,TR,1683656785
hasaki,35.7333,140.8333,53.22,67,0,11.83,JP,1683656785
melekeok village,7.4957,134.6367,75.76,100,75,0.0,PW,1683656785
maracacume,-2.0428,-45.9592,90.84,51,46,4.68,BR,1683656785
al bardiyah,31.7561,25.0865,65.46,74,51,17.56,LY,1683656785
bayan,46.0833,127.4,41.32,49,2,5.99,CN,1683656785
howrah,22.5892,88.3103,89.6,70,20,10.36,IN,1683656786
vilyuysk,63.7553,121.6247,41.02,93,100,15.55,RU,1683656786
yichun,47.7,128.9,30.69,87,40,2.39,CN,1683656786
ulladulla,-35.35,150.4667,48.65,77,0,4.43,AU,1683656786
uttarkashi,30.7333,78.45,58.08,41,2,7.94,IN,1683656786
novosokol'niki,56.3463,30.1578,47.25,58,93,5.21,RU,1683656786
karratha,-20.7377,116.8463,73.6,56,47,8.34,AU,1683656786
jampur,29.6441,70.5954,88.36,19,1,7.0,PK,1683656786
cam ranh,11.9214,109.1591,80.56,89,75,2.3,VN,1683656787
kaynarca,41.0308,30.3075,53.78,90,100,8.9,TR,1683656787
warrnambool,-38.3833,142.4833,51.33,74,83,7.11,AU,1683656757
santos dumont,-21.4567,-43.5525,77.97,67,100,3.29,BR,1683656787
sovetskaya gavan',48.9723,140.2878,33.12,82,100,8.23,RU,1683656787
la'ie,21.6477,-157.9253,78.76,83,42,5.99,US,1683656787
gryazovets,58.88,40.2525,44.11,64,71,6.13,RU,1683656787
mar del plata,-38.0023,-57.5575,66.22,53,0,13.8,AR,1683656579
cururupu,-1.8283,-44.8683,89.69,54,98,4.85,BR,1683656788
pisco,-13.7,-76.2167,73.45,73,20,11.5,PE,1683656788
novaya igirma,57.1334,103.9112,48.6,88,17,2.71,RU,1683656788
valle de la pascua,9.2155,-66.0073,98.74,30,58,10.98,VE,1683656788
yokadouma,3.5167,15.05,72.54,97,100,2.84,CM,1683656788
dali,25.7,100.1833,58.03,48,14,5.28,CN,1683656793
jutai,-5.1833,-68.9,73.17,99,100,2.84,BR,1683656794
petrolina,-9.3986,-40.5008,93.25,36,40,9.22,BR,1683656515
aioun,16.6614,-9.6149,98.24,21,100,6.31,MR,1683656794
caucete,-31.6518,-68.2811,78.01,25,56,2.35,AR,1683656794
torrington,41.8007,-73.1212,68.02,33,61,3.0,US,1683656794
ichinoseki,38.9167,141.1333,44.76,91,0,1.25,JP,1683656794
san luis de la loma,17.2706,-100.8939,91.22,49,10,12.28,MX,1683656794
debre sina,9.85,39.7667,55.38,85,71,0.96,ET,1683656794
hammerfest,70.6634,23.6821,43.25,81,75,4.61,NO,1683656794
pochinki,54.6988,44.8668,43.95,60,92,5.26,RU,1683656795
pangai,-19.8,-174.35,77.11,88,20,0.0,TO,1683656795
ruzayevka,54.0639,44.9509,44.37,61,100,5.5,RU,1683656795
el granada,37.5027,-122.4694,65.48,71,75,14.97,US,1683656795
mayqayyng,51.4625,75.7986,52.86,56,100,13.13,KZ,1683656795
san patricio,28.017,-97.5169,81.16,80,100,7.76,US,1683656795
tangalle,6.024,80.7911,78.96,91,100,6.98,LK,1683656795
bathsheba,13.2167,-59.5167,86.61,70,40,14.97,BB,1683656796
galle,6.0367,80.217,81.03,84,100,9.37,LK,1683656796
kirensk,57.7853,108.1119,52.68,65,15,9.31,RU,1683656796
kavieng,-2.5744,150.7967,81.52,80,42,3.56,PG,1683656796
arraial do cabo,-22.9661,-42.0278,80.56,78,40,13.8,BR,1683656796
lata,40.1629,-8.3327,69.93,56,69,10.78,PT,1683656796
mhamid,29.82,-5.72,96.62,8,0,7.23,MA,1683656796
acarau,-2.8856,-40.12,85.28,70,97,9.01,BR,1683656726
taro,-8.3862,115.28,73.4,97,93,1.1,ID,1683656796
greenville,35.6127,-77.3663,84.36,53,40,6.91,US,1683656788
choyr,46.3611,108.3611,52.56,68,100,7.81,MN,1683656797
fale old settlement,-9.3852,-171.2468,84.06,76,16,14.36,TK,1683656797
inhambane,-23.865,35.3833,71.58,88,20,6.91,MZ,1683656797
eyl,7.9803,49.8164,82.27,80,92,23.15,SO,1683656797
berga,60.392,5.328,53.15,95,75,8.05,NO,1683656797
port-vila,-17.7338,168.3219,71.2,94,75,2.3,VU,1683656797
dalhart,36.0595,-102.5133,87.82,8,0,21.85,US,1683656797
ha'il,27.5219,41.6907,78.82,18,0,9.22,SA,1683656503
cromer,52.9312,1.2989,57.2,95,94,3.89,GB,1683656797
mount gambier,-37.8333,140.7667,53.51,81,99,3.58,AU,1683656798
shalqar,47.8333,59.6,73.13,25,100,14.05,KZ,1683656798
ambodifotatra,-16.9833,49.85,78.67,76,50,15.88,MG,1683656798
laascaanood,8.4774,47.3597,78.51,62,87,19.42,SO,1683656798
mandera,3.9366,41.867,83.59,60,86,9.78,KE,1683656798
kristiansund,63.1115,7.732,56.05,58,75,9.22,NO,1683656798
pandan,14.0453,124.1694,79.84,82,98,3.04,PH,1683656798
pemangkat,1.1667,108.9667,79.77,86,100,3.76,ID,1683656798
carutapera,-1.195,-46.02,79.61,89,85,3.36,BR,1683656798
nelson bay,-32.7167,152.15,57.99,82,62,8.99,AU,1683656798
undurkhaan,47.3194,110.6556,57.0,24,100,11.18,MN,1683656799
kone,-21.0595,164.8658,68.43,86,73,5.86,NC,1683656799
legnago,45.1832,11.3091,67.93,65,89,1.99,IT,1683656799
berdigestyakh,62.0989,126.6992,29.53,88,73,11.18,RU,1683656799
genhe,50.7833,121.5167,31.86,48,2,1.66,CN,1683656799
porto novo,6.4965,2.6036,85.82,76,75,7.27,BJ,1683656799
fada,9.5667,8.3,86.07,29,99,3.56,NG,1683656799
bogra,24.85,89.3667,86.16,27,0,9.42,BD,1683656799
teshi old town,5.5836,-0.1072,86.56,74,20,8.05,GH,1683656799
nicoya,10.1483,-85.452,97.56,28,45,3.8,CR,1683656799
tidjikja,18.5564,-11.4271,99.99,13,87,5.32,MR,1683656800
la malbaie,47.6575,-70.1559,52.34,32,57,3.09,CA,1683656800
alofi,-19.0595,-169.9187,73.29,94,34,2.3,NU,1683656800
hassi messaoud,31.6804,6.0729,80.46,22,56,6.91,DZ,1683656800
houghton,47.1219,-88.569,67.48,59,75,6.91,US,1683656800
northam,51.0333,-4.2167,54.66,95,100,16.49,GB,1683656800
wuchang,44.9143,127.15,43.36,32,37,5.68,CN,1683656800
nchelenge,-9.3451,28.734,69.91,70,9,6.24,ZM,1683656800
yeniseysk,58.4497,92.1703,37.0,71,55,6.24,RU,1683656800
n'dalatando,-9.2978,14.9116,71.2,70,5,0.92,AO,1683656800
kollam,8.8833,76.6,78.22,90,100,6.98,IN,1683656800
bozuyuk,39.9078,30.0367,50.34,93,100,6.24,TR,1683656801
pierre,44.3683,-100.351,72.86,54,0,18.41,US,1683656549
qorovulbozor,39.5006,64.7936,67.71,15,11,6.91,UZ,1683656801
afif,23.9065,42.9172,84.81,14,0,8.7,SA,1683656801
moranbah,-22.0016,148.0466,47.55,39,0,11.25,AU,1683656801
marsa alam,25.0757,34.8918,75.9,52,54,3.6,EG,1683656801
bairnsdale,-37.8333,147.6167,52.05,90,29,7.07,AU,1683656801
sunam,30.1333,75.8,83.98,17,0,10.4,IN,1683656801
magadan,59.5667,150.8,34.34,90,100,0.45,RU,1683656801
fada n'gourma,12.0622,0.3578,103.42,16,86,0.22,BF,1683656801
asosa,10.0667,34.5333,68.76,71,86,3.31,ET,1683656801
bayramaly,37.6185,62.1671,76.75,13,55,9.98,TM,1683656802
marquette,46.5333,-87.6335,69.26,39,40,5.01,US,1683656802
sasciori,45.8667,23.5833,50.14,85,59,3.83,RO,1683656802
makokou,0.5738,12.8642,73.45,95,80,2.62,GA,1683656802
tessaoua,13.7574,7.9874,92.12,6,92,7.78,NE,1683656802
swakopmund,-22.6833,14.5333,58.05,73,24,5.5,NA,1683656547
san rafael del sur,11.8485,-86.4384,92.37,35,79,11.56,NI,1683656802
cotija de la paz,19.8167,-102.6833,84.78,26,7,5.46,MX,1683656802
minas de marcona,-15.2119,-75.1103,68.34,63,24,16.37,PE,1683656802
dolores,-36.3132,-57.6792,62.55,50,99,11.65,AR,1683656802
san juan,-31.5375,-68.5364,78.24,23,50,8.9,AR,1683656636
kolokani,13.5728,-8.0339,90.09,29,99,9.04,ML,1683656808
broken hill,-31.95,141.4333,46.85,78,0,8.46,AU,1683656808
sault ste. marie,46.5168,-84.3333,66.49,26,0,10.36,CA,1683656661
pabrade,55.0,25.7833,49.33,55,98,4.83,LT,1683656808
saint-joseph,-21.3667,55.6167,73.78,80,24,9.64,RE,1683656808
akhmet'a,42.0311,45.2075,59.52,78,21,4.16,GE,1683656808
tamanrasset,22.785,5.5228,85.91,6,0,13.8,DZ,1683656808
north bend,43.4065,-124.2243,64.24,70,0,8.05,US,1683656808
along,28.1667,94.7667,63.12,88,78,2.62,IN,1683656808
lubartow,51.4603,22.6095,50.43,67,22,7.54,PL,1683656808
pontianak,-0.0333,109.3333,76.98,94,75,2.3,ID,1683656809
sarkand,45.41,79.9186,57.27,36,1,8.01,KZ,1683656809
mae ramat,16.984,98.5166,81.81,94,99,0.38,TH,1683656809
chegutu,-18.1302,30.1407,69.1,34,39,4.43,ZW,1683656809
bytow,54.1706,17.4919,57.2,47,2,12.62,PL,1683656809
dauphin,51.1494,-100.0502,60.94,55,75,3.44,CA,1683656809
elliot,-31.3333,27.85,51.1,55,4,3.24,ZA,1683656809
opuwo,-18.0607,13.84,75.92,26,12,10.09,NA,1683656809
helena-west helena,34.5291,-90.59,89.56,47,1,3.78,US,1683656809
timimoun,29.2639,0.231,91.78,9,0,11.5,DZ,1683656810
berberati,4.2612,15.7922,73.51,88,90,3.24,CF,1683656810
canton,23.1167,113.25,73.87,75,99,3.62,CN,1683656560
mawlaik,23.6333,94.4167,76.39,52,18,1.32,MM,1683656810
rotonda west,26.8837,-82.2901,91.04,57,83,10.56,US,1683656810
lompoc,34.6391,-120.4579,66.02,64,87,10.0,US,1683656810
tekkali,18.6167,84.2333,84.33,71,58,5.97,IN,1683656810
malanje,-9.5402,16.341,67.19,60,48,3.89,AO,1683656810
shenjiamen,29.9576,122.298,58.86,64,9,5.23,CN,1683656810
antsiranana,-12.2787,49.2917,77.27,77,0,13.0,MG,1683656810
general conesa,-40.1,-64.4333,67.35,33,94,17.43,AR,1683656811
sal rei,16.1833,-22.9167,77.2,65,20,14.97,CV,1683656811
onega,63.9061,38.1404,41.45,80,84,3.69,RU,1683656811
puerto rosario,-24.45,-57.0833,78.17,41,56,4.5,PY,1683656811
howard springs,-12.497,131.047,73.31,59,89,9.19,AU,1683656811
cole harbour,44.6724,-63.4751,51.76,45,75,16.11,CA,1683656811
byron bay,-28.65,153.6167,51.71,80,32,12.5,AU,1683656780
al jawf,29.5,38.75,77.36,21,4,4.85,SA,1683656812
czerwonak,52.4646,16.9817,61.0,31,0,14.97,PL,1683656812
ryotsu-minato,38.0833,138.4333,53.19,49,0,2.46,JP,1683656812
danjiangkou,32.5428,111.5086,58.35,89,100,3.18,CN,1683656812
kirakira,-10.4544,161.9205,80.85,81,84,7.16,SB,1683656812
kochubey,44.3861,46.5825,62.89,53,16,11.72,RU,1683656812
narman,40.3465,41.8703,48.06,80,42,4.03,TR,1683656812
abashiri,44.0213,144.2697,43.95,93,84,6.31,JP,1683656812
cabedelo,-6.9811,-34.8339,86.67,74,64,12.06,BR,1683656812
gwarzo,11.9152,7.9346,90.3,10,27,6.46,NG,1683656813
tambopata,-12.7333,-69.1833,76.89,61,75,4.61,PE,1683656813
tolanaro,-25.0319,46.9987,75.27,94,40,16.11,MG,1683656813
dunedin,-45.8742,170.5036,46.8,95,100,8.55,NZ,1683656813
gisborne,-38.6533,178.0042,62.31,89,74,8.28,NZ,1683656813
chita,52.0333,113.55,31.89,64,3,2.24,RU,1683656813
ambikapur,23.1167,83.2,82.45,22,27,3.51,IN,1683656813
pionerskiy,54.9508,20.2275,55.24,73,14,11.68,RU,1683656814
verkhnyaya sinyachikha,57.976,61.6673,39.99,49,0,4.85,RU,1683656814
rosetta,31.4044,30.4164,66.24,78,54,11.43,EG,1683656814
sitka,57.0531,-135.33,48.09,71,20,4.61,US,1683656814
prainha,-1.8,-53.48,87.82,59,55,4.54,BR,1683656814
diu,20.7141,70.9822,84.04,62,34,10.92,IN,1683656814
kingscliff,-28.2667,153.5667,60.6,59,5,9.22,AU,1683656814
nur-sultan,51.1801,71.446,49.95,50,0,17.9,KZ,1683656814
trondheim,63.4305,10.3951,55.49,62,99,5.99,NO,1683656797
midvagur,62.0511,-7.1939,50.83,87,75,6.91,FO,1683656814
pangody,65.85,74.4859,31.39,98,100,8.48,RU,1683656815
woodfin,35.6334,-82.5821,83.37,54,91,4.0,US,1683656815
abeche,13.8292,20.8324,93.96,18,74,5.08,TD,1683656815
peace river,56.2501,-117.286,62.91,59,100,4.61,CA,1683656815
um jar al gharbiyya,13.8013,32.4078,93.11,8,30,11.99,SD,1683656815
bani walid,31.7566,13.9942,62.74,76,72,31.74,LY,1683656815
piacabucu,-10.4056,-36.4344,82.74,67,29,9.22,BR,1683656815
axim,4.8699,-2.2405,83.62,73,29,8.61,GH,1683656815
pleven,43.4167,24.6167,51.75,87,100,4.61,BG,1683656815
lensk,60.7253,114.9278,49.03,84,36,8.46,RU,1683656815
brookings,44.3114,-96.7984,69.46,69,75,5.75,US,1683656815
carolina beach,34.0352,-77.8936,91.47,62,7,10.94,US,1683656816
robertsport,6.7533,-11.3686,83.91,77,63,10.83,LR,1683656816
nadi,-17.8,177.4167,68.0,88,20,8.05,FJ,1683656816
mocajuba,-2.5842,-49.5072,88.52,62,62,0.45,BR,1683656816
nzega,-2.479,29.5564,57.42,97,96,2.89,RW,1683656816
lingyuan,41.24,119.4011,58.14,41,98,5.37,CN,1683656816
sandpoint,48.2766,-116.5533,61.86,68,0,5.75,US,1683656816
quellon,-43.1167,-73.6167,53.85,94,100,4.61,CL,1683656816
antofagasta,-23.65,-70.4,63.68,67,31,7.27,CL,1683656538
at-bashi,41.1702,75.8106,46.65,46,50,4.76,KG,1683656816
kudahuvadhoo,2.6708,72.8944,82.45,80,59,9.15,MV,1683656821
guanica,17.9716,-66.908,93.69,68,60,16.37,PR,1683656822
grand-bassam,5.2118,-3.7388,85.96,79,68,9.51,CI,1683656822
taroa,8.7058,171.2275,81.43,83,100,12.08,MH,1683656822
sorong,-0.8833,131.25,79.86,84,97,5.82,ID,1683656809
kalmunai,7.4167,81.8167,79.14,83,100,9.57,LK,1683656822
wotho,10.1657,166.0102,81.37,82,95,13.71,MH,1683656822
arteche,12.2645,125.4048,78.53,84,79,1.16,PH,1683656822
ilha de mocambique,-15.0342,40.7358,78.58,71,12,12.17,MZ,1683656822
quepos,9.4236,-84.1652,89.26,60,76,7.76,CR,1683656823
sisimiut,66.9395,-53.6735,33.69,76,94,11.41,GL,1683656828
al ghayzah,16.2079,52.176,82.87,70,39,8.52,YE,1683656828
wamba,8.9333,8.6,88.12,42,93,4.12,NG,1683656828
lae,-6.7221,146.9847,76.12,92,98,4.79,PG,1683656828
cill airne,52.05,-9.5167,53.73,88,74,9.46,IE,1683656740
paita,-5.0892,-81.1144,81.3,69,7,11.07,PE,1683656828
puerto santa,-8.9906,-78.6456,75.92,79,79,9.6,PE,1683656828
bagamoyo,-6.4333,38.9,73.81,91,50,6.8,TZ,1683656829
mul,20.0667,79.6667,91.11,43,49,9.17,IN,1683656829
ocean shores,46.9737,-124.1563,60.96,74,75,13.8,US,1683656681
villa gesell,-37.2639,-56.973,64.06,46,98,13.27,AR,1683656829
atemajac de brizuela,20.1833,-103.7,79.56,15,13,6.06,MX,1683656829
kourou,5.1552,-52.6478,82.45,70,33,11.52,GF,1683656732
kodinsk,58.6881,99.1844,44.06,70,100,8.39,RU,1683656829
altai,46.3722,96.2583,31.57,73,85,5.84,MN,1683656829
povoa de lanhoso,41.5787,-8.282,68.77,63,15,10.2,PT,1683656830
santiago de cao,-7.9589,-79.2392,75.33,78,75,6.91,PE,1683656830
santa luzia,-19.7697,-43.8514,81.68,44,40,3.44,BR,1683656830
